ุฑุงุจุท ุงูููุชุฌ,ุฑุงุจุท ุงูุตูุฑุฉ,ุงุณู ุงูููุชุฌ,ุงูุณุนุฑ,ุงููุตู,ุงูููุงุณ
https://mlika-sa.com/YgWDAQa,https://cdn.salla.sa/nBKV/4c7c3725-f7cd-46da-8d86-4a537148ea07-500x498.61111111111-orMLx2aj2zFKRtjhqWL366S0QySXniqUsk2ZkvPf.jpg,"ุณุฏูุฑู ูุญูู ูุจูุฌ ""ุฌูุฎ""",174 SAR,"ุณุฏูุฑู ุฌูุฎ ุฑุฌุงูู โ ุชุตููู ูุงุฎุฑ ูุฌูุน ุจูู ุงูุฃุตุงูุฉ ูุงูุนุตุฑูุฉุ ูุงุจู ููุงุฑุชุฏุงุก ุนูู ุงูุฌูุชูู ูุฅุทูุงูุงุช ูุชุนุฏุฏุฉ. ูุตููุน ูู ุฌูุฎ ุนุงูู ุงูุฌูุฏุฉ ููููุญู ุงูุฏูุก ูุงูุฃูุงูุฉุ ููุฃุชู ุจุชุบููู ุฃููู ููููู ุฎูุงุฑูุง ูุซุงูููุง ููุฅูุฏุงุก.

ุชูุงุตูู ุงูููุชุฌ:
ุฌูุฎ ูุงุฎุฑ ุจุฌูุฏุฉ ุนุงููุฉ.
ุชุตููู ูุฒุฏูุฌ ูุฅุทูุงูุงุช ูุชููุนุฉ.
ุฌููุจ ุฌุงูุจูุฉ ุนูููุฉ.
ูุซุงูู ููุฅูุฏุงุก.","
S
Md
L
XL
2XL
3XL"
https://mlika-sa.com/jZrAAmK,https://cdn.salla.sa/nBKV/d1a2a262-9803-4de2-abc5-9bd9e3aed606-400x500-40Jmvw3DNNWGoQ29Syja3yrmIUXjtLKz7pgXQ9w2.jpg,ููุฏู ููุญุชุถูู ุฏุงุฆููุง - ุฃููุงู ูุชุนุฏุฏุฉ,139 SAR,ุฎููู ุฏุงูู ุฏุงูู ูุฃููู ูุน ููุฏู 'ููุญุชุถูู ุฏุงุฆููุง ุจุฏู ุนูู' โ ูุตููุน ูู ุฃูุฎู ุงูุฎุงูุงุช ูุจุฏุงุฎูู ุฑุณุงูุฉ ุฏุงูุฆุฉ ุชููู: 'ููุญุชุถูู ุฏุงุฆููุง ุจุฏู ุนูู'ุ ูุฃูู ุชุงุฎุฐ ุญุถู ุฏุงูู ูุนู ููู ูุง ุชุฑูุญ. ุงุฎุชุฑ ูููู ุงูููุถู ูู ุงูุฑุตุงุตูุ ุงูุฃุณูุฏุ ุงูุฃุจูุถุ ุฃู ุงููุญููุ ูุงุณุชูุชุน ุจุชุบููู ูููุฒ ูุฌุงูู ููุฑุช ุจุฑุณุงูุฉ ููู. ููุง ููููู ุชุบููุฑ ุงูุฑุณุงูุฉ ุฏุงุฎู ุงูููุฏู ุญุณุจ ุทูุจูุ ูุชุฌุนูู ุงููุฏูุฉ ุงููุซุงููุฉ ูุดุฎุต ุบุงูู ุนููู.,"
ุงุณูุฏ
ุฑุตุงุตู
ุงุจูุถ
ูุญูู"
https://mlika-sa.com/BrBqKaY,https://cdn.salla.sa/nBKV/5dba643b-f923-484a-8f18-0173cd864bfb-500x500-lJXSJIXoKUmGZlA0s1EneihkPADAoxCcJp5Q4k39.jpg,"ุณุฏูุฑู ุฌููู ูุจูุฌ ""ุฌูุฎ""",174 SAR,"ุณุฏูุฑู ุฌูุฎ ุฑุฌุงูู โ ุชุตููู ูุงุฎุฑ ูุฌูุน ุจูู ุงูุฃุตุงูุฉ ูุงูุนุตุฑูุฉุ ูุงุจู ููุงุฑุชุฏุงุก ุนูู ุงูุฌูุชูู ูุฅุทูุงูุงุช ูุชุนุฏุฏุฉ. ูุตููุน ูู ุฌูุฎ ุนุงูู ุงูุฌูุฏุฉ ููููุญู ุงูุฏูุก ูุงูุฃูุงูุฉุ ููุฃุชู ุจุชุบููู ุฃููู ููููู ุฎูุงุฑูุง ูุซุงูููุง ููุฅูุฏุงุก.

ุชูุงุตูู ุงูููุชุฌ:
ุฌูุฎ ูุงุฎุฑ ุจุฌูุฏุฉ ุนุงููุฉ.
ุชุตููู ูุฒุฏูุฌ ูุฅุทูุงูุงุช ูุชููุนุฉ.
ุฌููุจ ุฌุงูุจูุฉ ุนูููุฉ.
ูุซุงูู ููุฅูุฏุงุก.","
S
M
L
XL
2XL
3XL"
https://mlika-sa.com/nEqrjmD,https://cdn.salla.sa/nBKV/wxTIvGFDkOLJ37dS7Oh3GWFUQh2hnbHKq7OL9SW2.jpg,ูุฑูู ููุงุด ุฌูุฎ ูุน ุฌูุฏ ุนูู ุงูุงุทุฑุงู,229 SAR,"ูุฑูุฉ ูุตููุนุฉ ูู ููุงุด ุงูุฌูุฎ ุงููุงุฎุฑ ููู ุงุณูุฏ
ูุฌูุฏ ุนูู ุงูุงุทุฑุงู
ููู ุงูุฏุงุฎู ูุฑู ุงูุงุฑูุจ ุงููุงุนู ุงูุตูุงุนู ููู ุงุณูุฏ
ูุน ุบุทุงุก ุฑุงุณ
ุงูุชูุตูู ูุฌููุน ุงูููุงุณุงุช","
52 ุงูุด ( 153 - 157 ) ุทููู
54 ุงูุด ( 158 - 162 ) ุทููู
56 ุงูุด ( 163 - 167 ) ุทููู
58 ุงูุด ( 168 - 172 ) ุทููู
60 ุงูุด ( 173 - 176 ) ุทููู
62 ุงูุด ( 177 - 185 ) ุทููู"
https://mlika-sa.com/bRaErqe,https://cdn.salla.sa/nBKV/p6Kc0AHovdZB1RLZE0tUE4MsRo5yL6CRdoOLXPk8.jpg,ูุฑูู ุฏุจู ููุณ ูุน ุดุงู ููู ูุญูู ูุน ุณูุฑู,299 SAR,"ูุฑูุฉ ุจุชุตููู ูููุฒ ุชุนูุณ ุงูุฃูุงูุฉ ูุงูุฌูุฏุฉุ ูุตููุนุฉ ูู ููุงุด ุงูุฌูุฎ ุงููุงุฎุฑ ูุชููุญู ุงูุฏูุก ูุงูุฑุงุญุฉ ูู ุฃูุงู ุงูุดุชุงุก. ุชุฃุชู ูุน ุดุงู ูููุตู ูุถูู ููุณุฉ ูู ุงููุฎุงูุฉ ุฅูู ุฅุทูุงูุชู.
ุงููุฒุงูุง:
ุฏุจู ููุณ: ููููู ุงุฑุชุฏุงุคูุง ุนูู ุงูุฌูุชููุ ูุง ูุชูุญ ูู ุงูุชุบููุฑ ุจูู ุฅุทูุงูุชูู ูุฎุชููุชูู.","
52 ุงูุด ( 153 - 157 ) ุทููู
54 ุงูุด ( 158 - 162 ) ุทููู
56 ุงูุด ( 163 - 167 ) ุทููู
58 ุงูุด ( 168 - 172 ) ุทููู
60 ุงูุด ( 173 - 176 ) ุทููู
62 ุงูุด ( 177 - 185 ) ุทููู"
https://mlika-sa.com/Wljdgxw,https://cdn.salla.sa/nBKV/3e0fc128-f779-4a54-bd45-69d731f165a4-500x500-h0JhJyM2bMOY9oXkAhBNgbntq5n4RJZgMQtGuBAq.png,ุฌุงููุช ููุฑุงุฑู ุฌููุน ุงูุงููุงู,220 SAR,"ุฌุงููุช ุงูุณุจุงู ุงููุซุงูู ูุนุดุงู ุงูุฃูุงูุฉ
ุชูุงุตูู ูุณุชูุญุงุฉ ูู ุนุงูู ุงูุณุจุงูุงุชุ ูุทุฑูุฒุฉ ุจุฏูุฉ ูุฅุจุฑุงุฒ ุงูุทุงุจุน ุงูุฑุงูู.
ุชุตููู ูุฑูุญ ุจุฎุงูุงุช ูุงุฎุฑุฉ ููุงุณุจ ุฌููุน ุงูุฅุทูุงูุงุช.
ูุฒูุฌ ูุซุงูู ูู ุงูุฃุตุงูุฉ ูุงูููุถุฉ ุงูุญุฏูุซุฉ ูุฌุนูู ุชุชุฃูู ูู ูู ุงูุฃููุงุช.","
S
M
L
XL
XXL"
https://mlika-sa.com/WljWWNj,https://cdn.salla.sa/nBKV/51c5cea8-cd2c-408f-b548-bd04702a47bc-400x500-9lPzI4k0F0ktX3dzdjBZJc9F5ncUbfSBOQkOnUbh.jpg,ููุฏู ููุจู ูุน ููุจู ููู ุฏูุงุฑู ุจุนูุฏู,139 SAR,ุฎููู ุฏุงูู ูุฃููู ูุน ููุฏู โููุจู ูุน ููุจู ููู ุฏูุงุฑู ุจุนูุฏูโ โ ูุฏูุฉ ูุซุงููุฉ ุชุนูุณ ุงูุญุจ ูุงูุงูุชูุงู ุจุชุตููู ูุฎุตุต ูุถู ุฑุณุงูุฉ ุฏุงูุฆุฉ ูุชุจูู ุฏุงุฆูุงู ุจูุฑุจ ูู ุชุญุจุ ุญุชู ูู ูุงูุช ุงููุณุงูุงุช ุจุนูุฏุฉ. ูุตููุน ูู ุฎุงูุงุช ูุงุนูุฉ ููุงุฎุฑุฉุ ูุน ุชุตููู ุงูุฃูุฏู ุงููุชุดุงุจูุฉ ูุนุจุงุฑุฉ โI will always choose youโุ ููุฌูุน ุจูู ุงูุฑุงุญุฉ ูุงูุฃูุงูุฉ ูู ูุทุนุฉ ูุงุญุฏุฉ.,"
ุงุณูุฏ
ุฑุตุงุตู
ุงุจูุถ
ูุญูู"
https://mlika-sa.com/VyGemm,https://cdn.salla.sa/nBKV/VsR3d2rBFpjsrztQEK0qPRnqL5r3jDxGkzhCPK8r.jpg,ูุฑู ูุณุงุฆู ุดุชูู ุจุงูุฃุณู,195 SAR,"ุฌุฏูุฏูุง ุดุงู ูุณุงุฆู ุดุชูู ุงูุตูู ุฏุฑุฌู ุงููู ๐คฉ

ุดุงู ูุณุงุฆู ุดุชูู ุตูู ๐งฃ

ููุงุณ ููุญุฏ โ๏ธ

ูุน ุชุทุฑูุฒ ุงุณูุงุก ุงู ุญุฑูู ุนูู ุญุณุจ ุงูุทูุจ ๐๐

ูุชููุฑ ุจ 4 ุงููุงู ๐

โขุฎุฏูุฉ ุชูุตูู ููุงูุช ุงูููููุฉ ุงูุนุฑุจูุฉ ุงูุณุนูุฏูุฉ","
ุฐูุจู
ูุถู
ุงุจูุถ"
https://mlika-sa.com/PdpgYEq,https://cdn.salla.sa/nBKV/40ea5e3a-f6d7-447c-b392-1a672e6ba2b2-357.16142448661x500-ncuywjvEEOBpJL5MthDCktBdqcQuIu4lGmYw7qsz.jpg,ุจุดุช ูุณุงุฆู ุฌูุฎ ุดุชูู ูุทุฑุฒ ุจุณุฏู ูุน ุดุงู,264 SAR,ุงุณุชูุชุนู ุจุงูุฏูุก ูุงูุฃูุงูุฉ ูู ูุฐุง ุงูุจุดุช ุงูุดุชูู ุงููุตููุน ูู ุฌูุฎ ุนุงูู ุงูุฌูุฏุฉุ ูุงููุทุฑุฒ ุจูููุด ุงูุณุฏู ุงูุชุฑุงุซูุฉ ุงูุชู ุชุนูุณ ุงููุฎุงูุฉ ุงูุนุฑุจูุฉ. ูุฃุชู ูุน ุดุงู ุฃููู ููููุญู ุฏูุฆูุง ูุถุงุนููุง ูุฃูุงูุฉ ูุชูุงููุฉ ุฎูุงู ุงูุฃูุงู ุงูุจุงุฑุฏุฉ.,"
ุงุณูุฏ
ุจูุฌ"
